Class,Accuracy,Train Count,Train %
airplane,0.94,5000,40.29658284977434
automobile,0.96,2997,24.15377176015474
bird,0.807,1797,14.482591876208897
cat,0.688,1077,8.679883945841393
deer,0.775,646,5.206318504190844
dog,0.643,387,3.118955512572534
frog,0.716,232,1.8697614442295294
horse,0.479,139,1.1202450032237266
ship,0.496,83,0.6689232753062541
truck,0.502,50,0.4029658284977434
